{"raydium": {"name": "Raydium", "tvl": 974807305, "vol24h": 159868620, "vol7d": 1784256411}, "meteora": {"name": "Meteora", "tvl": 402291363, "vol24h": 73868449, "vol7d": 1181622450}, "orca": {"name": "Orca", "tvl": 251302909, "vol24h": 92118371, "vol7d": 2290797480}, "pumpswap": {"name": "PumpSwap", "tvl": 187863116.16582, "vol24h": 113714702, "vol7d": 3357126771}, "byreal": {"name": "Byreal", "tvl": 13661578.279064018, "vol24h": 4841142.9573062295, "vol7d": 52279887.725928}}