{"raydium": {"name": "Raydium", "tvl": 965810063, "vol24h": 239426329, "vol7d": 2370927380}, "meteora": {"name": "Meteora", "tvl": 422750281, "vol24h": 132377932, "vol7d": 1068701884}, "orca": {"name": "Orca", "tvl": 254182794, "vol24h": 262466117, "vol7d": 1520645297}, "pumpswap": {"name": "PumpSwap", "tvl": 172427044.98827, "vol24h": 522631311, "vol7d": 2526744176}, "byreal": {"name": "Byreal", "tvl": 13828592.55101246, "vol24h": 12127348.925605426, "vol7d": 58329575.05395314}}