{"raydium": {"name": "Raydium", "tvl": 943436404, "vol24h": 237868178, "vol7d": 2338424003}, "meteora": {"name": "Meteora", "tvl": 424670217, "vol24h": 187229870, "vol7d": 1092994853}, "orca": {"name": "Orca", "tvl": 246998985, "vol24h": 297229238, "vol7d": 1517690953}, "pumpswap": {"name": "PumpSwap", "tvl": 168251434.00331, "vol24h": 522631311, "vol7d": 3234243806}, "byreal": {"name": "Byreal", "tvl": 13853808.41827694, "vol24h": 10462171.913844211, "vol7d": 55199461.62984115}}