{"raydium": {"name": "Raydium", "tvl": 999407935, "vol24h": 227821171, "vol7d": 1860549306}, "meteora": {"name": "Meteora", "tvl": 411778743, "vol24h": 120632746, "vol7d": 1260812891}, "orca": {"name": "Orca", "tvl": 253830592, "vol24h": 257308202, "vol7d": 2527651049}, "pumpswap": {"name": "PumpSwap", "tvl": 189099404.45345, "vol24h": 572282025, "vol7d": 2963134227}, "byreal": {"name": "Byreal", "tvl": 13346130.524944734, "vol24h": 7130690.722305225, "vol7d": 70646281.2362107}}