{"raydium": {"name": "Raydium", "tvl": 988107427, "vol24h": 254116581, "vol7d": 1605712065}, "meteora": {"name": "Meteora", "tvl": 418010787, "vol24h": 124579514, "vol7d": 1056044481}, "orca": {"name": "Orca", "tvl": 255096717, "vol24h": 278189189, "vol7d": 1749406275}, "pumpswap": {"name": "PumpSwap", "tvl": 179434457.78367, "vol24h": 453373263, "vol7d": 2495428664}, "byreal": {"name": "Byreal", "tvl": 13645322.482205875, "vol24h": 9074329.643443746, "vol7d": 63153446.25266291}}