{"raydium": {"name": "Raydium", "tvl": 1011721341, "vol24h": 149862395, "vol7d": 2263644758}, "meteora": {"name": "Meteora", "tvl": 407412526, "vol24h": 120662114, "vol7d": 1039710205}, "orca": {"name": "Orca", "tvl": 256163095, "vol24h": 112429774, "vol7d": 1472032529}, "pumpswap": {"name": "PumpSwap", "tvl": 180277835.00696, "vol24h": 447865156, "vol7d": 2840052617}, "byreal": {"name": "Byreal", "tvl": 13627371.449305616, "vol24h": 8228870.1645537475, "vol7d": 46272997.38767028}}